<configuration>

    <appender name="STDOUT" class="ch.qos.logback.core.ConsoleAppender">
        <withJansi>false</withJansi>
        <!-- encoders are assigned the type
             ch.qos.logback.classic.encoder.PatternLayoutEncoder by default -->
        <encoder>
            <pattern>%cyan(%d{HH:mm:ss.SSS}) %gray([%thread]) %highlight(%-5level) %magenta(%logger{36}) - %msg%n
            </pattern>
        </encoder>
    </appender>
    <appender name="rollingFile" class="ch.qos.logback.core.rolling.RollingFileAppender">
        <rollingPolicy class="ch.qos.logback.core.rolling.TimeBasedRollingPolicy">
            <fileNamePattern>log-%d{yyyy-MM-dd}.log</fileNamePattern>
            <maxHistory>30</maxHistory>
            <totalSizeCap>3GB</totalSizeCap>
        </rollingPolicy>
        <triggeringPolicy class="ch.qos.logback.core.rolling.SizeBasedTriggeringPolicy">
            <maxFileSize>3MB</maxFileSize>
        </triggeringPolicy>
        <encoder>
            <pattern>[%thread] %-5level %logger{36} - %msg%n</pattern>
        </encoder>
    </appender>
    <root level="info">
        <appender-ref ref="STDOUT"/>
        <appender-ref ref="rollingFile"/>
    </root>
</configuration>